slug,title,authorEmail,authorLogin,authorId,wpAuthorDisplayName
chausson-c-714-alkoven-wohnmobil-perfekt-fuer-die-ganze-familie-in-muenster,"Chausson C 714 - Alkoven Wohnmobil perfekt für die ganze Familie in Münster",,,,
eura-mobil-profila-t-695-eb-teilintegriertes-wohnmobil-in-muenster,"Eura Mobil Profila T 695 EB - Teilintegriertes Wohnmobil in Münster",,,,
chausson-ti-627-ga-teilintegriertes-wohnmobil-in-muenster,"Chausson TI 627 GA - Teilintegriertes Wohnmobil in Münster",,,,
forster-t-741-eb-teilintegriertes-wohnmobil-in-muenster,"Forster T 741 EB - Teilintegriertes Wohnmobil in Münster",,,,
eura-mobil-t-676-eb-teilintegriertes-wohnmobil-in-muenster,"Eura Mobil T 676 EB – Teilintegriertes Wohnmobil in Münster",,,,
chausson-s514-teilintegriertes-wohnmobil-in-muenster,"Chausson S514 – Teilintegriertes Wohnmobil in Münster",,,,
karmann-dexter-580-kompaktes-kastenwagen-wohnmobil-in-muenster,"Karmann Dexter 580 – Kompaktes Kastenwagen Wohnmobil in Münster mieten",,,,
karmann-dexter-600-kompaktes-kastenwagen-wohnmobil-in-muenster,"Karmann Dexter 600 – Kompaktes Kastenwagen Wohnmobil in Münster",,,,
sunlight-a70-fuer-perfekte-urlaube-mit-hund-in-langenzenn,"Sunlight A70 für perfekte Urlaube mit Hund - Wohnmobil in Langenzenn",info@wuff-wohnmobil.de,wuff-wohnmobil,34,Wuff Wohnmobil
sunlight-i69s-fuer-perfekte-urlaube-mit-hund-in-langenzenn,"Sunlight I69S für perfekte Urlaube mit Hund - Wohnmobil in Langenzenn",info@wuff-wohnmobil.de,wuff-wohnmobil,34,Wuff Wohnmobil
weinsberg-caratour-600-k-fuer-perfekte-urlaube-mit-hund-in-langenzenn,"Weinsberg Caratour 600 K für perfekte Urlaube mit Hund - Wohnmobil in Langenzenn",info@wuff-wohnmobil.de,wuff-wohnmobil,34,Wuff Wohnmobil
ahorn-camp-t-690,"Ahorn Camp T 690 - hundetaugliches Wohnmobil in Langenzenn",info@wuff-wohnmobil.de,wuff-wohnmobil,34,Wuff Wohnmobil
ahorn-camp-660-fuer-6-personen-in-marktbergel,"Ahorn Camp 660 für 6 Personen - Wohnmobil in Marktbergel",info@wuff-wohnmobil.de,wuff-wohnmobil,34,Wuff Wohnmobil
cargado-t-338-4-sitz-und-4-schlafplaetze-in-kutzleben,"Carado T 338 Wohnmobil - komfortables Wohnmobil für 2 - 4 Personen - Kutzleben",,,,
carado-t-448-4-sitzplaetze-und-4-schlafplaetze-in-kutzleben,"Carado T 448 - Familienwohnmobil - in Kutzleben",,,,
carado-t-449-modell-21-4-sitz-und-4-schlafplaetze-in-kutzleben,"Carado T 447 - komfortables Teilintegriertes Wohnmobil für bis zu 4 Personen in Kutzleben",,,,
forster-t-599-hb-teilintegriertes-wohnmobil-in-muenster-2,"Forster T 599 HB - Teilintegriertes Wohnmobil in Münster",,,,
forster-t-699-hb-teilintegriertes-wohnmobil-in-muenster,"Forster T 699 HB - Teilintegriertes Wohnmobil in Münster",,,,
eura-mobil-integra-line-720-eb-vollintegriertes-wohnmobil-in-muenster,"Eura Mobil Integra Line 720 EB - Vollintegriertes Wohnmobil in Münster",,,,
chausson-ti-777-ga-teilintegriertes-wohnmobil-in-muenster,"Chausson TI 777 GA - Teilintegriertes Wohnmobil in Münster",,,,
forster-a-699-hb-alkoven-wohnmobil-fuer-die-ganze-familie-i-muenster,"Forster A 699 HB - Alkoven Wohnmobil für die ganze Familie in Münster",,,,
eura-mobil-activa-one-690-hb-alkoven-wohnmobil-fuer-bis-zu-6-peronen-in-muenster,"Eura Mobil Activa One 690 HB - Alkoven Wohnmobil für bis zu 6 Peronen in Münster",,,,
forster-a-699-vb-alkoven-wohnmobil-perfekt-fuer-die-ganze-familie-in-muenster,"Forster A 699 VB - Alkoven Wohnmobil perfekt für die ganze Familie in Münster",,,,
karmann-mobil-davis-620-wohnmobil-in-muenster,"Karmann Mobil Davis 620 - Wohnmobil in Münster",,,,
karmann-mobil-davis-590-wohnmobil-in-muenster,"Karmann Mobil Davis 590 - Wohnmobil in Münster",,,,
chausson-v-697-kompaktes-kastenwagen-wohnmobil-in-muenster,"Chausson V 697 - Kompaktes Kastenwagen Wohnmobil in Münster",,,,
chausson-titanium-640-teilintegriertes-wohnmobil-in-muenster,"Chausson TITANIUM 640 - Teilintegriertes Wohnmobil in Münster",,,,
forster-t-699-eb-teilintegriertes-wohnmobil-in-muenster,"Forster T 699 EB - Teilintegriertes Wohnmobil in Münster",,,,
knaus-sun-i-700-leg-5-kompaktes-vollintegriertes-wohnmobil-in-willich,"Knaus SUN I 700 LEG - Luxus  Wohnmobil mit 4 Schlafplätzen in Willich",,,,
adria-a75dp-alkoven-wohnmobil-in-maulbronn,"Adria A75DP - Alkoven Wohnmobil in Maulbronn",,,,
xgo-dynamic-39-alkoven-wohnmobil-fuer-bis-zu-7-personen,"XGODynamic 39 FIAT Alkoven Wohnmobil tlw.mit Standklimaanlage bis zu 7 Personen(Familien mit Kindern- nicht für 7 Erw.)in Cörmigk mieten",,,,
fiat-xgo-dynamic-95g-wohnmobil-fuer-51-personen-in-koennern,"Fiat XGO Dynamic 95G - Wohnmobil 5+1 Pers. in Cörmigk tlw. mit Standklimaanlage, Komplettausstattung",,,,
adria-s70sl-teilintegriertes-wohnmobil-in-maulbronn,"Adria S70SL - Teilintegriertes Wohnmobil in Maulbronn",,,,
adria-a60sp-alkoven-wohnmobil-in-maulbronn,"Adria A60SP - Alkoven Wohnmobil in Maulbronn",,,,
adria-v65sl-teilintegriertes-wohnmobil-in-maulbronn,"Adria V65SL - Teilintegriertes Wohnmobil in Maulbronn",,,,
benimar-mileo-268-vollausgestattetes-luxus-wohnmobil-in-froendenberg-ruhr,"Luxus Benimar Mileo 268 - Vollausgestattetes Luxus Wohnmobil in Fröndenberg/Ruhr",,,,
carado-cv-640-cleverplus-edition-kompaktes-wohnmobil-in-schwerin,"Carado CV 640 15Jahres Edition - Kompaktes Wohnmobil in Schwerin",,,,
buerstner-delfin-harmony-winterpaket-luxus-wohnmobil-in-froendenberg-ruhr,"Bürstner Delfin Harmony / Winterpaket - Luxus Wohnmobil in Fröndenberg/Ruhr",,,,
robeta-apollo-kompaktes-wohnmobil-in-schwerin,"Robeta Apollo - Kompaktes Wohnmobil in Schwerin",,,,
luxus-wohnmobil-buerstner-delfin-it726-winterpaket-klimaanlage,"Luxus Wohnmobil Bürstner Delfin IT726 / Winterpaket / Klimaanlage / für 4 Personen / NRW Menden,Dortmund,Unna,Hemer,Iserlohn,",,,,
luxus-wohnmobil-buerstner-lyseo-mit-kompletten-inventar,"Luxus Wohnmobil Bürstner Lyseo mit komplettem Inventar in Menden/ Fröndenberg / NRW  / Klimaanlage / für 4Personen",,,,
weinsberg-carabus-540-mq-kompaktes-wohnmobil-in-muenster,"Weinsberg CaraBus 540 MQ – Kompaktes Wohnmobil in Münster",,,,
chausson-c-514-alkoven-wohnmobil-in-muenster,"Chausson C 514 – Alkoven Wohnmobil in Münster mieten",,,,
weinsberg-600-mq-kompaktes-kastenwagen-wohnmobil-in-muenster,"Weinsberg 600 MQ – Kompaktes Kastenwagen Wohnmobil in Münster",,,,
weinsberg-600-meg-pepper-teilintegriertes-wohnmobil-in-muenster,"Weinsberg 600 MEG Pepper – Teilintegriertes Wohnmobil in Münster mieten",,,,
weinsberg-caracompact-640-meg-pepper-teilintegriertes-wohnmobil-in-muenster,"Weinsberg CaraCompact 640 MEG Pepper – Teilintegriertes Wohnmobil in Münster",,,,
carado-cv-600-mit-schlafdach-camper-fuer-bis-zu-4-personen,"Carado CV 600 mit Schlafdach - Camper für bis zu 4 Personen mieten",,,,
kastenwagen-hymer-free-600-mit-aufstelldach,"Kastenwagen Hymer Free 600 - Wohnmobil mit Aufstelldach mieten",,,,
adria-coral-supreme-670-dl-der-grosszuegige-kompakte-und-winterfeste-teilintegrierte,"ADRIA Coral Supreme 670 DL - teilintegriertes Luxus Wohnmobil in Willich",,,,
euramobil-integra-i-760-ef-eleganter-kompakter-liner,"EuraMobil Integra I 760 EF - eleganter, kompakter Liner auf 2 oder 3 Achsen",,,,
sun-living-c65-sl-ideal-fuer-2-bis-4-personen,"Sun Living C65 SL - ideal für 2 bis 4 Personen in Esslingen",,,,
chausson-650-wohnmobil-mit-4-schlafplaetzen-in-muenster,"Chausson 650 Wohnmobil mit 4 Schlafplätzen in Münster mieten",,,,
luxus-wohnmobil-challenger-287-ga-graphite-ultimate,"Luxus Wohnmobil Challenger 287 GA Graphite Ultimate",,,,
luxus-wohnmobil-benimar-tessoro-468-fuer-4-personen-all-inclusive-nrw,"Luxus Wohnmobil Benimar Tessoro 468 /für 4 Personen All inclusive/ NRW",,,,
luxus-wohnmobil-benimar-mileo-268-northautokapp,"Luxus Wohnmobil Benimar Mileo 268 Northautokapp",,,,
luxus-wohnmobil-benimar-tessoro-463-all-inklusive,"Luxus Wohnmobil Benimar Tessoro 463  / All inklusive",,,,
malibu-i441le-for-4-perosnen-in-ravensburg,"Malibu I441LE for 4 Personen in Ravensburg",,,,